"id","productType","productTypeKey","name.en","name.ru","name.en-US","description.en","description.ru","description.en-US","categories","slug.en","slug.ru","slug.en-US","metaTitle.ru","metaTitle.en-US","metaDescription.ru","metaDescription.en-US","searchKeywords.ru","searchKeywords.en-US","_hasStagedChanges","_published","key","tax","priceMode","createdAt","lastModifiedAt","variantId","sku","variantKey","images","prices","developer","players_quantity","Platform","genre","release","number","system_requirements","video"
"54218464-8593-4c01-926c-fe5e47e4967c","Game","Game","FOR HONOR","FOR HONOR","FOR HONOR","This is an action game in which players control one of three factions (Samurai, Vikings, Knights) in a protracted battle for dominance. As players complete mission objectives, they use swords, axes, and spears to kill enemy warriors in melee-style combat.","Это игра в жанре экшн, в которой игроки управляют одной из трех фракций (самураи, викинги, рыцари) в затяжной битве за господство. Когда игроки выполняют задачи миссии, они используют мечи, топоры и копья, чтобы убивать вражеских воинов в рукопашном бою.","This is an action game in which players control one of three factions (Samurai, Vikings, Knights) in a protracted battle for dominance. As players complete mission objectives, they use swords, axes, and spears to kill enemy warriors in melee-style combat.","action_PC;Action","FOR_HONOR","FOR_HONOR","FOR_HONOR","FOR_HONOR","FOR_HONOR","FOR HONOR","FOR HONOR","FOR HONOR","FOR HONOR","false","true","FOR_HONOR","Tax name US","Embedded","2023-08-06T04:58:40.514Z","2023-09-09T06:54:40.647Z",1,"FHR_01","FHR_01","https://57a0b57058060779f6a7-142db361bf53e070d1b6074a9d839b11.ssl.cf3.rackcdn.com/for_honor-Fe_FhumP.jpg||292x385;https://57a0b57058060779f6a7-142db361bf53e070d1b6074a9d839b11.ssl.cf3.rackcdn.com/for_honor_01-a_FMQcIX.jpg||1920x720;https://57a0b57058060779f6a7-142db361bf53e070d1b6074a9d839b11.ssl.cf3.rackcdn.com/forhonor2-nF7wvbus.jpg||1200x675;https://57a0b57058060779f6a7-142db361bf53e070d1b6074a9d839b11.ssl.cf3.rackcdn.com/forhonor1-e43YT-Ss.jpg||1280x720;https://57a0b57058060779f6a7-142db361bf53e070d1b6074a9d839b11.ssl.cf3.rackcdn.com/forhonor5-EOxbj7_Q.jpg||1280x720;https://57a0b57058060779f6a7-142db361bf53e070d1b6074a9d839b11.ssl.cf3.rackcdn.com/forhonor3-O_jLX2AY.jpg||1920x1080;https://57a0b57058060779f6a7-142db361bf53e070d1b6074a9d839b11.ssl.cf3.rackcdn.com/forhonor4-s7UBEWTs.jpg||2880x1800","RU-RUB 310000|248000;US-USD 3400|2720","Ubisoft",1,"PC","action","2018-12-18",6,"",""
"c997321a-505b-4403-8764-7f7c4e433774","Game","Game","Assassin's Creed Mirage","Assassin's Creed Mirage","Assassin's Creed Mirage","Experience the story of Basim, a cunning street thief with nightmarish visions, seeking answers and justice as he navigates the bustling streets of ninth-century Baghdad.
 
Through a mysterious, ancient organization known as the Hidden Ones, he will become a deadly Master Assassin and change his fate in ways he never could have imagined.","Погрузитесь в историю Басима, хитрого уличного вора с кошмарными видениями, который ищет ответы и справедливость, путешествуя по шумным улицам Багдада девятого века. Через таинственную древнюю организацию, известную как Скрытые, он станет смертоносным мастером-ассасином и изменит свою судьбу так, как он и представить себе не мог.","Experience the story of Basim, a cunning street thief with nightmarish visions, seeking answers and justice as he navigates the bustling streets of ninth-century Baghdad.
 
Through a mysterious, ancient organization known as the Hidden Ones, he will become a deadly Master Assassin and change his fate in ways he never could have imagined.","Action;action_PC;after18","assassins-creed-mirage","assassins-creed-mirage","assassins-creed-mirage","Assassin's Creed Mirage","Assassin's Creed Mirage","Assassin's Creed Mirage","Assassin's Creed Mirage","Assassin's Creed Mirage","Assassin's Creed Mirage","false","true","assassins-creed-mirage","Tax name US","Embedded","2023-08-05T13:03:45.677Z","2023-09-09T06:55:48.435Z",1,"ASCRMIR_01","ASCRMIR_01","https://57a0b57058060779f6a7-142db361bf53e070d1b6074a9d839b11.ssl.cf3.rackcdn.com/assassins_creed-0-aYk7l-.jpg||314x386;https://57a0b57058060779f6a7-142db361bf53e070d1b6074a9d839b11.ssl.cf3.rackcdn.com/AssassinCreedMirage4-C_UFpMU4.jpg||300x168;https://57a0b57058060779f6a7-142db361bf53e070d1b6074a9d839b11.ssl.cf3.rackcdn.com/AssassinCreedMirage2-6nuwWDhj.jpg||1200x800;https://57a0b57058060779f6a7-142db361bf53e070d1b6074a9d839b11.ssl.cf3.rackcdn.com/AssassinCreedMirage3-IkXzc6Pm.jpg||1200x900;https://57a0b57058060779f6a7-142db361bf53e070d1b6074a9d839b11.ssl.cf3.rackcdn.com/AssassinCreedMirage1-jjGR144v.jpg||1920x1080","RU-RUB 23500;US-USD 245","Ubisoft",1,"PC","action","2023-10-28",2,"","https://youtu.be/x55lAlFtXmw"
"39ea8a33-9974-4e04-8b31-62bbd45f714d","Game","Game","Skull and Bones","Skull and Bones","Skull and Bones","Enter the perilous paradise of Skull and Bones, inspired by the Indian Ocean during the Golden Age of Piracy, as you overcome the odds and rise from an outcast to an infamous pirate.","Войдите в опасный рай Черепа и Костей, вдохновленный Индийским океаном во время Золотого века пиратства, преодолевая трудности и превращаясь из изгоя в печально известного пирата.","Enter the perilous paradise of Skull and Bones, inspired by the Indian Ocean during the Golden Age of Piracy, as you overcome the odds and rise from an outcast to an infamous pirate.","Adventure","Skull_and_Bones","Skull_and_Bones","Skull_and_Bones","Skull_and_Bones","Skull_and_Bones","Skull and Bones","Skull and Bones","Skull and Bones","Skull and Bones","false","true","Skull_and_Bones","Tax name US","Embedded","2023-08-06T06:07:49.646Z","2023-09-09T06:54:02.721Z",1,"SKBO_01","SKBO_01","https://57a0b57058060779f6a7-142db361bf53e070d1b6074a9d839b11.ssl.cf3.rackcdn.com/scull_and_bones-qQ42_Gx_.jpg||313x382;https://57a0b57058060779f6a7-142db361bf53e070d1b6074a9d839b11.ssl.cf3.rackcdn.com/scull_and_bones5-Zvr1Wplr.jpg||686x386;https://57a0b57058060779f6a7-142db361bf53e070d1b6074a9d839b11.ssl.cf3.rackcdn.com/scull_and_bones3-2iySoNQV.jpg||960x500;https://57a0b57058060779f6a7-142db361bf53e070d1b6074a9d839b11.ssl.cf3.rackcdn.com/scull_and_bones1-6O9S6bbb.jpg||1200x800;https://57a0b57058060779f6a7-142db361bf53e070d1b6074a9d839b11.ssl.cf3.rackcdn.com/scull_and_bones2-aIUU3W0j.jpg||2560x1340","RU-RUB 156000;US-USD 2300","Ubisoft",1,"Xbox","action;adventure","2023-12-31",12,"","https://youtu.be/8i2eHxj5NMU"
"8f9d2419-0ba0-4718-be21-4d53489a0b8e","Game","Game","Call of Duty Vanguard","Call of Duty Vanguard","Call of Duty Vanguard","Call of Duty Vanguard will also usher in a new and unparalleled Call of Duty: Warzone integration post launch, and feature cross-progression and cross-generation play, in addition to a massive calendar of free post-launch content that adds in new Multiplayer maps, modes, seasonal events, community celebrations and more.

 

Rise on every front Dogfight over the Pacific, airdrop over France, defend Stalingrad with a sniper's precision and blast through advancing forces in North Africa

 

Through a deeply engaging single player Campaign a select group of soldiers from different countries rise to meet the world's gravest threat.","Call of Duty Vanguard также откроет новую и беспрецедентную интеграцию Call of Duty: Warzone после запуска, а также возможность кросс-прогрессии и игры между поколениями, в дополнение к огромному календарю бесплатного контента после запуска, который добавляет новые многопользовательские карты. , режимы, сезонные события, общественные праздники и многое другое. Поднимайтесь на каждом фронте Воздушные бои над Тихим океаном, десантируйтесь над Францией, защищайте Сталинград со снайперской точностью и пробивайте наступающие силы в Северной Африке. В увлекательной однопользовательской кампании избранная группа солдат из разных стран поднимается навстречу самой серьезной мировой угрозе.","Call of Duty Vanguard will also usher in a new and unparalleled Call of Duty: Warzone integration post launch, and feature cross-progression and cross-generation play, in addition to a massive calendar of free post-launch content that adds in new Multiplayer maps, modes, seasonal events, community celebrations and more.

 

Rise on every front Dogfight over the Pacific, airdrop over France, defend Stalingrad with a sniper's precision and blast through advancing forces in North Africa

 

Through a deeply engaging single player Campaign a select group of soldiers from different countries rise to meet the world's gravest threat.","Shooter","Call_of_Duty","Call_of_Duty","Call_of_Duty","Call_of_Duty","Call_of_Duty","Call of Duty Vanguard","Call of Duty Vanguard","Call of Duty Vanguard","Call of Duty Vanguard","false","true","Call_of_Duty","Tax name US","Embedded","2023-08-06T06:28:16.327Z","2023-09-09T06:24:19.928Z",1,"CDA_01","CDA_01","https://57a0b57058060779f6a7-142db361bf53e070d1b6074a9d839b11.ssl.cf3.rackcdn.com/call_of_duty-TDTUvhFT.jpg||306x347;https://57a0b57058060779f6a7-142db361bf53e070d1b6074a9d839b11.ssl.cf3.rackcdn.com/callofduty4-raEviIaa.jpg||480x270;https://57a0b57058060779f6a7-142db361bf53e070d1b6074a9d839b11.ssl.cf3.rackcdn.com/callofduty5-oiKOVA55.jpg||300x168;https://57a0b57058060779f6a7-142db361bf53e070d1b6074a9d839b11.ssl.cf3.rackcdn.com/callofduty3-NLwd8P32.jpg||1920x1080;https://57a0b57058060779f6a7-142db361bf53e070d1b6074a9d839b11.ssl.cf3.rackcdn.com/callofduty2-n35Csjii.jpg||1620x1080;https://57a0b57058060779f6a7-142db361bf53e070d1b6074a9d839b11.ssl.cf3.rackcdn.com/callofduty1-izAuE5i4.jpg||1920x1080","RU-RUB 190000;US-USD 2700","Activision",1,"PlayStation","shooter","2021-11-05",3,"",""
"b655b85b-c913-452c-bb21-dd100d10a99a","Game","Game","Dead Space","Dead Space","Dead Space","The sci-fi survival horror classic Dead Space™ returns, completely rebuilt from the ground up to offer a deeper and more immersive experience. This remake brings jaw-dropping visual fidelity, suspenseful atmospheric audio, and improvements to gameplay while staying faithful to the original game’s thrilling vision.


Isaac Clarke is an everyman engineer on a mission to repair a vast mining ship, the USG Ishimura, only to discover something has gone horribly wrong. The ship's crew has been slaughtered and Isaac’s beloved partner, Nicole, is lost somewhere on board.","Классический научно-фантастический хоррор Dead Space™ возвращается, полностью переработанный с нуля, чтобы предложить более глубокий и захватывающий опыт. Этот ремейк предлагает потрясающую визуальную точность, напряженный атмосферный звук и улучшения игрового процесса, сохраняя при этом верность захватывающему видению оригинальной игры. Исаак Кларк — обычный инженер, выполняющий задание по ремонту огромного шахтерского корабля USG Ishimura, только чтобы обнаружить, что что-то пошло не так. Экипаж корабля убит, а любимая напарница Исаака, Николь, потерялась где-то на борту.","The sci-fi survival horror classic Dead Space™ returns, completely rebuilt from the ground up to offer a deeper and more immersive experience. This remake brings jaw-dropping visual fidelity, suspenseful atmospheric audio, and improvements to gameplay while staying faithful to the original game’s thrilling vision.


Isaac Clarke is an everyman engineer on a mission to repair a vast mining ship, the USG Ishimura, only to discover something has gone horribly wrong. The ship's crew has been slaughtered and Isaac’s beloved partner, Nicole, is lost somewhere on board.","after18;Horror;action_PlayStation","dead-space","dead-space","dead-space","Dead Space","Dead Space","Dead Space","Dead Space","Dead Space","Dead Space","false","true","dead-space","Tax name US","Embedded","2023-08-05T13:39:27.911Z","2023-09-09T15:02:29.905Z",1,"DDSPC_01","DDSPC_01","https://57a0b57058060779f6a7-142db361bf53e070d1b6074a9d839b11.ssl.cf3.rackcdn.com/dead_space-3g2nGHix.jpg||311x388;https://57a0b57058060779f6a7-142db361bf53e070d1b6074a9d839b11.ssl.cf3.rackcdn.com/dead_space_02--Jk_PV-c.jpg||786x496;https://57a0b57058060779f6a7-142db361bf53e070d1b6074a9d839b11.ssl.cf3.rackcdn.com/dead_space_01-fsxqGF6s.jpg||786x496;https://57a0b57058060779f6a7-142db361bf53e070d1b6074a9d839b11.ssl.cf3.rackcdn.com/dead_space_03-GKK6JXSl.jpg||786x496","RU-RUB 430000|344000;US-USD 4300|3440","Motive",1,"PlayStation","horror","2023-01-27",4,"","https://youtu.be/cTDJNZ9cK1w"
"8ef5b02e-9cd9-4f46-aa57-2ef7785bbaaa","Game","Game","The Legend of Zelda: Tears of Kingdom for Nintendo Switch","The Legend of Zelda: Tears of Kingdom for Nintendo Switch","The Legend of Zelda: Tears of Kingdom for Nintendo Switch","An epic adventure across the land and skies of Hyrule awaits in The Legend of Zelda™: Tears of the Kingdom for Nintendo Switch™. The adventure is yours to create in a world fueled by your imagination.
In this sequel to The Legend of Zelda: Breath of the Wild, you’ll decide your own path through the sprawling landscapes of Hyrule and the mysterious islands floating in the vast skies above. Can you harness the power of Link’s new abilities to fight back against the malevolent forces that threaten the kingdom?","Эпическое приключение по земле и небу Хайрула ждет вас в The Legend of Zelda™: Tears of the Kingdom для Nintendo Switch™. Вы можете создать приключение в мире, питаемом вашим воображением. В этом продолжении The Legend of Zelda: Breath of the Wild вам предстоит выбрать свой собственный путь через обширные ландшафты Хайрула и загадочные острова, парящие в бескрайнем небе над головой. Сможете ли вы использовать силу новых способностей Линка, чтобы дать отпор злым силам, угрожающим королевству?","An epic adventure across the land and skies of Hyrule awaits in The Legend of Zelda™: Tears of the Kingdom for Nintendo Switch™. The adventure is yours to create in a world fueled by your imagination.
In this sequel to The Legend of Zelda: Breath of the Wild, you’ll decide your own path through the sprawling landscapes of Hyrule and the mysterious islands floating in the vast skies above. Can you harness the power of Link’s new abilities to fight back against the malevolent forces that threaten the kingdom?","Adventure;Action;action_Nintendo","zelda","zelda","zelda","zelda","zelda","zelda","zelda",,,"false","true","zelda","Tax name US","Embedded","2023-09-02T08:24:23.510Z","2023-09-09T06:55:02.802Z",1,"Zelda","Zelda_01","https://57a0b57058060779f6a7-142db361bf53e070d1b6074a9d839b11.ssl.cf3.rackcdn.com/Zelda1-XDqPlHYw.jpg||616x1000;https://57a0b57058060779f6a7-142db361bf53e070d1b6074a9d839b11.ssl.cf3.rackcdn.com/Zelda3-IWfOKPvO.jpg||1920x1080;https://57a0b57058060779f6a7-142db361bf53e070d1b6074a9d839b11.ssl.cf3.rackcdn.com/Zelda2-EaMTZfIY.jpg||1200x675","RU-RUB 280000;US-USD 2800","Nintendo",1,"Nintendo","adventure","2023-05-12",21,"",""
"8f903673-900a-4f57-8796-87c365155659","Game","Game","Demon's Souls for PS5","Demon's Souls for PS5","Demon's Souls for PS5","From PlayStation Studios and Bluepoint Games comes a remake of the PlayStation classic, Demon’s Souls. Entirely rebuilt from the ground up and masterfully enhanced, this remake introduces the horrors of a fog-laden, dark fantasy land to a whole new generation of gamers. Those who’ve faced its trials and tribulations before, can once again challenge the darkness in stunning visual quality with incredible performance.","PlayStation Studios и Bluepoint Games представляют ремейк классической игры PlayStation — Demon’s Souls. Полностью переработанный с нуля и мастерски улучшенный, этот ремейк знакомит совершенно новое поколение геймеров с ужасами окутанной туманом темной фэнтезийной страны. Те, кто уже сталкивался с ее испытаниями и невзгодами, смогут еще раз бросить вызов тьме в потрясающем визуальном качестве и невероятной производительности.","From PlayStation Studios and Bluepoint Games comes a remake of the PlayStation classic, Demon’s Souls. Entirely rebuilt from the ground up and masterfully enhanced, this remake introduces the horrors of a fog-laden, dark fantasy land to a whole new generation of gamers. Those who’ve faced its trials and tribulations before, can once again challenge the darkness in stunning visual quality with incredible performance.","Action;action_PC","test_game","test_game","test_game","test_game","test_game","test_game","test_game","test_game","test_game","false","true","demons_souls","Tax name US","Embedded","2023-08-05T11:44:37.270Z","2023-09-09T06:56:08.283Z",1,"test_game","test_game","https://57a0b57058060779f6a7-142db361bf53e070d1b6074a9d839b11.ssl.cf3.rackcdn.com/demons_souls1-bqWuvQrL.jpg||584x671;https://57a0b57058060779f6a7-142db361bf53e070d1b6074a9d839b11.ssl.cf3.rackcdn.com/demons_souls5-0urmusLL.jpg||1000x1000;https://57a0b57058060779f6a7-142db361bf53e070d1b6074a9d839b11.ssl.cf3.rackcdn.com/demons_souls6-aKxwttdd.jpeg||1400x788;https://57a0b57058060779f6a7-142db361bf53e070d1b6074a9d839b11.ssl.cf3.rackcdn.com/demons_souls4-qkZRg4n2.jpg||1920x1080;https://57a0b57058060779f6a7-142db361bf53e070d1b6074a9d839b11.ssl.cf3.rackcdn.com/demons_souls2-J0SvLI7a.jpg||2000x1125;https://57a0b57058060779f6a7-142db361bf53e070d1b6074a9d839b11.ssl.cf3.rackcdn.com/demons_souls3-XyXE6HIA.png||2560x1440","RU-RUB 530000|424000;US-USD 5300|4240","Sony Entertainment",2,"PC","action","2021-09-21",13,"ОС
Windows 7 SP1
Процессор
Intel Core i5-4590 or AMD FX 8350
Оперативная память
8 GB ОЗУ
Видеокарта
NVIDIA GTX 970 or AMD Radeon R9 290
Жесткий диск
12 GB",""
"fe2f58da-c24c-4959-83f5-f2e9966364a1","Game","Game","Avatar: Frontiers of Pandora","Avatar: Frontiers of Pandora","Avatar: Frontiers of Pandora","Avatar: Frontiers of Pandora is a first-person, action-adventure game set in the Western Frontier.

 

Abducted by the human militaristic corporation known as the RDA, you, a Na’vi, were molded to serve their purpose. Fifteen years later, you are free, but find yourself a stranger in your birthplace. Reconnect with your lost heritage and discover what it truly means to be Na'vi as you join other clans to protect Pandora from the RDA.

 ","Avatar: Frontiers of Pandora — приключенческий боевик от первого лица, действие которого происходит на Западной границе. Похищенные милитаристской корпорацией людей, известной как RDA, вы, На'ви, были созданы для того, чтобы служить их цели. Пятнадцать лет спустя вы свободны, но обнаруживаете себя чужаком на родине. Воссоединитесь со своим утраченным наследием и узнайте, что на самом деле значит быть На'ви, присоединившись к другим кланам, чтобы защитить Пандору от RDA.","Avatar: Frontiers of Pandora is a first-person, action-adventure game set in the Western Frontier.

 

Abducted by the human militaristic corporation known as the RDA, you, a Na’vi, were molded to serve their purpose. Fifteen years later, you are free, but find yourself a stranger in your birthplace. Reconnect with your lost heritage and discover what it truly means to be Na'vi as you join other clans to protect Pandora from the RDA.

 ","Action;action_PlayStation;before18","Avatar","Avatar","Avatar","Avatar: Frontiers of Pandora","Avatar: Frontiers of Pandora","Avatar: Frontiers of Pandora","Avatar: Frontiers of Pandora","Avatar: Frontiers of Pandora","Avatar: Frontiers of Pandora","false","true","Avatar","Tax name US","Embedded","2023-08-06T08:37:04.585Z","2023-09-09T06:12:35.464Z",1,"AVA_01","AVA_01","https://57a0b57058060779f6a7-142db361bf53e070d1b6074a9d839b11.ssl.cf3.rackcdn.com/avatar-M9jIrBO-.jpg||312x389;https://57a0b57058060779f6a7-142db361bf53e070d1b6074a9d839b11.ssl.cf3.rackcdn.com/avatar1-Hh9qZA5M.jpg||850x917;https://57a0b57058060779f6a7-142db361bf53e070d1b6074a9d839b11.ssl.cf3.rackcdn.com/avatar5-EIdr8-iq.jpg||1200x675;https://57a0b57058060779f6a7-142db361bf53e070d1b6074a9d839b11.ssl.cf3.rackcdn.com/avatar2-ofxKgAI2.jpg||736x920;https://57a0b57058060779f6a7-142db361bf53e070d1b6074a9d839b11.ssl.cf3.rackcdn.com/avatar4-XgWT7TFO.jpg||1600x900;https://57a0b57058060779f6a7-142db361bf53e070d1b6074a9d839b11.ssl.cf3.rackcdn.com/avatar3--WjDb-0b.jpg||1400x1400","RU-RUB 250000;US-USD 2500","Ubisoft",1,"PlayStation;Xbox","action;adventure","2023-12-07",17,"",""
"a02b0542-f33a-4a5c-bb9d-39e18b1ec979","Game","Game","Hogwarts Legacy","Hogwarts Legacy","Hogwarts Legacy","Hogwarts Legacy is an immersive, open-world action RPG set in the world first introduced in the Harry Potter books. Embark on a journey through familiar and new locations as you explore and discover fantastic beasts, customize your character and craft potions, master spell casting, upgrade talents, and become the wizard you want to be.","Hogwarts Legacy — это захватывающая ролевая игра с открытым миром, действие которой происходит в мире, впервые представленном в книгах о Гарри Поттере. Отправляйтесь в путешествие по знакомым и новым локациям, исследуйте и открывайте фантастических существ, настраивайте своего персонажа и изготавливайте зелья, совершенствуйтесь в произнесении заклинаний, улучшайте таланты и становитесь волшебником, которым хотите быть.","Hogwarts Legacy is an immersive, open-world action RPG set in the world first introduced in the Harry Potter books. Embark on a journey through familiar and new locations as you explore and discover fantastic beasts, customize your character and craft potions, master spell casting, upgrade talents, and become the wizard you want to be.","Adventure;before18","hogwarts-legacy","hogwarts-legacy","hogwarts-legacy","Hogwarts Legacy","Hogwarts Legacy","Hogwarts Legacy","Hogwarts Legacy","Hogwarts Legacy","Hogwarts Legacy","false","true","hogwarts-legacy","Tax name US","Embedded","2023-08-05T13:19:46.207Z","2023-09-09T06:53:30.415Z",1,"HGWLGC_01","HGWLGC_01","https://57a0b57058060779f6a7-142db361bf53e070d1b6074a9d839b11.ssl.cf3.rackcdn.com/hogwarts-X2A34rBr.jpg||306x382;https://57a0b57058060779f6a7-142db361bf53e070d1b6074a9d839b11.ssl.cf3.rackcdn.com/Hogwarts-Legacy-8o33V5t0.jpg||533x614;https://57a0b57058060779f6a7-142db361bf53e070d1b6074a9d839b11.ssl.cf3.rackcdn.com/Hogwarts-Legacy-game-FdQRIrux.jpg||1400x700;https://57a0b57058060779f6a7-142db361bf53e070d1b6074a9d839b11.ssl.cf3.rackcdn.com/Hogwarts-Legacy-Muzi-1MtjOwkG.jpg||1920x1080","RU-RUB 340000|272000;US-USD 2300|1840","Avalanche",1,"PC","adventure;fantasy","2023-05-05",7,"","https://youtu.be/BsC-Rl9GYy0"
"15599876-1068-4363-beab-b1689d3ad7fb","Game","Game","Alien: Isolation","Alien: Isolation","Alien: Isolation","Discover the true meaning of fear in Alien: Isolation, a survival horror set in an atmosphere of constant dread and mortal danger. Fifteen years after the events of Alien, Ellen Ripley’s daughter, Amanda enters a desperate battle for survival, on a mission to unravel the truth behind her mother's disappearance.

 

As Amanda, you will navigate through an increasingly volatile world as you find yourself confronted on all sides by a panicked, desperate population and an unpredictable, ruthless Alien.

 

Underpowered and underprepared, you must scavenge resources, improvise solutions and use your wits, not just to succeed in your mission, but to simply stay alive.","Откройте для себя истинное значение страха в Alien: Isolation, хорроре на выживание в атмосфере постоянного страха и смертельной опасности. Спустя пятнадцать лет после событий «Чужого», дочери Эллен Рипли, Аманда вступает в отчаянную битву за выживание, чтобы выяснить правду об исчезновении ее матери. В роли Аманды вы будете путешествовать по все более изменчивому миру, сталкиваясь со всех сторон паническим, отчаявшимся населением и непредсказуемым, безжалостным Чужим. Маломощный и недостаточно подготовленный, вы должны собирать ресурсы, импровизировать решения и использовать свою смекалку не только для того, чтобы преуспеть в своей миссии, но и просто для того, чтобы остаться в живых.","Discover the true meaning of fear in Alien: Isolation, a survival horror set in an atmosphere of constant dread and mortal danger. Fifteen years after the events of Alien, Ellen Ripley’s daughter, Amanda enters a desperate battle for survival, on a mission to unravel the truth behind her mother's disappearance.

 

As Amanda, you will navigate through an increasingly volatile world as you find yourself confronted on all sides by a panicked, desperate population and an unpredictable, ruthless Alien.

 

Underpowered and underprepared, you must scavenge resources, improvise solutions and use your wits, not just to succeed in your mission, but to simply stay alive.","Horror;Action;action_Xbox","Alien_Isolation","Alien_Isolation","Alien_Isolation","Alien_Isolation","Alien_Isolation","Alien: Isolation","Alien: Isolation","Alien: Isolation","Alien: Isolation","false","true","Alien_Isolation","Tax name US","Embedded","2023-08-06T04:59:14.959Z","2023-09-09T06:54:15.555Z",1,"ALI_01","ALI_01","https://57a0b57058060779f6a7-142db361bf53e070d1b6074a9d839b11.ssl.cf3.rackcdn.com/alien-a8m0cife.jpg||311x386;https://57a0b57058060779f6a7-142db361bf53e070d1b6074a9d839b11.ssl.cf3.rackcdn.com/alien4-UKDw6K8_.jpg||740x477;https://57a0b57058060779f6a7-142db361bf53e070d1b6074a9d839b11.ssl.cf3.rackcdn.com/alien1-PQD3cYlg.jpg||1920x1080;https://57a0b57058060779f6a7-142db361bf53e070d1b6074a9d839b11.ssl.cf3.rackcdn.com/alien2-3yX6qwh5.jpg||1600x900;https://57a0b57058060779f6a7-142db361bf53e070d1b6074a9d839b11.ssl.cf3.rackcdn.com/alien6-HMA87CIW.png||3840x2160","RU-RUB 220000|176000;US-USD 2300|1840","The Creative Assembly","","Xbox","action;horror","2014-10-07",1,"","https://youtu.be/JxZC88xX2Uc"
"6e558198-b9d7-4f68-b16c-1a68ce6f3acb","Game","Game","Rider's Republic Freeride","Rider's Republic Freeride","Rider's Republic Freeride","Jump into the RIDERS REPUBLIC massive multiplayer playground! Meet and compete with other players, ride hard with an exciting range of activities such as bike, ski, snowboard, wingsuit and rocket wingsuit.

 

Live out the rider's fantasy as you roam free in a huge, vibrant open world, always buzzing with other players around you. Immerse yourself in iconic American national parks including Bryce Canyon, Yosemite Valley, Mammoth Mountain... all mashed up for you to shred!

 

Squad up with your friends and compete in a wide range of multiplayer modes: feel the rush of downhill races, dominate maps in team vs team competitions, or give it your best shot in epic mass PvP races with more than 50 other players.

 

Go all out. Join the madness!","Присоединяйтесь к огромной многопользовательской игровой площадке RIDERS REPUBLIC! Встречайтесь и соревнуйтесь с другими игроками, катайтесь на велосипеде, катаясь на лыжах, сноуборде, вингсьюте и реактивном вингсьюте. Воплотите в жизнь фантазию гонщика, свободно путешествуя по огромному, яркому открытому миру, где всегда кипит жизнь других игроков. Погрузитесь в культовые американские национальные парки, включая Брайс-Каньон, Йосемитскую долину, Мамонтову гору... все это создано специально для вас! Объединяйтесь с друзьями и соревнуйтесь в разнообразных многопользовательских режимах: почувствуйте азарт скоростных спусков, доминируйте на картах в командных соревнованиях или сделайте все возможное в эпических массовых PvP-гонках с более чем 50 другими игроками. Изо всех сил. Присоединяйтесь к безумию!","Jump into the RIDERS REPUBLIC massive multiplayer playground! Meet and compete with other players, ride hard with an exciting range of activities such as bike, ski, snowboard, wingsuit and rocket wingsuit.

 

Live out the rider's fantasy as you roam free in a huge, vibrant open world, always buzzing with other players around you. Immerse yourself in iconic American national parks including Bryce Canyon, Yosemite Valley, Mammoth Mountain... all mashed up for you to shred!

 

Squad up with your friends and compete in a wide range of multiplayer modes: feel the rush of downhill races, dominate maps in team vs team competitions, or give it your best shot in epic mass PvP races with more than 50 other players.

 

Go all out. Join the madness!","Adventure","Riders_Republic","Riders_Republic","Riders_Republic","Riders_Republic","Riders_Republic","Rider's Republic Freeride","Rider's Republic Freeride","Rider's Republic Freeride","Rider's Republic Freeride","false","true","Riders_Republic","Tax name US","Embedded","2023-08-06T06:28:54.145Z","2023-09-09T06:56:18.308Z",1,"RDRPC_01","RDRPC_01","https://57a0b57058060779f6a7-142db361bf53e070d1b6074a9d839b11.ssl.cf3.rackcdn.com/Riders_republic-2u44tU67.jpg||310x385","RU-RUB 178000;US-USD 1700","Ubisoft",2,"PlayStation;Xbox","adventure","2021-10-28",11,"",""
"986e78ce-3f0c-4a73-974d-eb69a7506eb6","Game","Game","Fortnite - Transformers","Fortnite - Transformers","Fortnite - Transformers","Roll out, Rise up or Beep Beep with the Transformers Pack.

 

No matter the rally cry you'll be More Than Meets The Eye.","Раскатывайтесь, поднимайтесь или бип-бип с пакетом Transformers Pack. Независимо от ралли вы будете больше, чем кажется на первый взгляд.","Roll out, Rise up or Beep Beep with the Transformers Pack.

 

No matter the rally cry you'll be More Than Meets The Eye.","Action;before18;action_PlayStation","Fortnite-Transformers","Fortnite-Transformers","Fortnite-Transformers","Fortnite-Transformers","Fortnite-Transformers","Fortnite-Transformers","Fortnite-Transformers","Fortnite-Transformers","Fortnite-Transformers","false","true","Fortnite-Transformers","Tax name US","Embedded","2023-08-06T08:37:52.108Z","2023-09-09T06:55:58.712Z",1,"FOTRS_01","FOTRS_01","https://57a0b57058060779f6a7-142db361bf53e070d1b6074a9d839b11.ssl.cf3.rackcdn.com/fortnite-Yq5vX8nL.jpg||311x387","RU-RUB 245600;US-USD 2100","Epic Games",1,"PlayStation;Xbox","shooter","2023-10-23",16,"",""
"9352ae77-88fe-4790-a90a-49c3fb022f92","Game","Game","Prey","Prey","Prey","In Prey, you awaken aboard Talos I, a space station orbiting the moon in the year 2032. You are the key subject of an experiment meant to alter humanity forever – but things have gone terribly wrong. The space station has been overrun by hostile aliens and you are now being hunted. As you dig into the dark secrets of Talos I and your own past, you must survive using the tools found on the station -- your wits, weapons, and mind-bending abilities. The fate of the Talos I and everyone aboard is in your hands.","В Prey вы просыпаетесь на борту Talos I, космической станции, вращающейся вокруг Луны в 2032 году. Вы являетесь ключевым субъектом эксперимента, призванного навсегда изменить человечество, но все пошло не так. Космическая станция была захвачена враждебными инопланетянами, и теперь за вами охотятся. Погружаясь в темные тайны Талоса I и свое собственное прошлое, вы должны выжить, используя инструменты, найденные на станции — ваш ум, оружие и умопомрачительные способности. Судьба «Талоса I» и всех на борту в ваших руках.","In Prey, you awaken aboard Talos I, a space station orbiting the moon in the year 2032. You are the key subject of an experiment meant to alter humanity forever – but things have gone terribly wrong. The space station has been overrun by hostile aliens and you are now being hunted. As you dig into the dark secrets of Talos I and your own past, you must survive using the tools found on the station -- your wits, weapons, and mind-bending abilities. The fate of the Talos I and everyone aboard is in your hands.","Action;action_PlayStation","Prey","Prey","Prey","Prey","Prey","Prey","Prey","Prey","Prey","false","true","Prey","Tax name US","Embedded","2023-08-06T04:39:54.634Z","2023-09-09T06:54:26.835Z",1,"PR_01","PR_01","https://57a0b57058060779f6a7-142db361bf53e070d1b6074a9d839b11.ssl.cf3.rackcdn.com/Prey_cover-XFnjaMgM.jpg||906x1200;https://57a0b57058060779f6a7-142db361bf53e070d1b6074a9d839b11.ssl.cf3.rackcdn.com/Prey---PlayStation-4-aHm722TC.jpg||768x768;https://57a0b57058060779f6a7-142db361bf53e070d1b6074a9d839b11.ssl.cf3.rackcdn.com/prey2-ptMlgkJq.jpg||600x450;https://57a0b57058060779f6a7-142db361bf53e070d1b6074a9d839b11.ssl.cf3.rackcdn.com/prey3-jsEcYsXs.jpg||1200x675;https://57a0b57058060779f6a7-142db361bf53e070d1b6074a9d839b11.ssl.cf3.rackcdn.com/prey5-yD_m1wgT.jpg||800x600","RUB 23500|18800;US-USD 2400|1920","Arkane Studios",1,"PlayStation","action","2017-05-05",10,"","https://youtu.be/1hKTZGflqrc"
"72eed79d-c95a-4d93-aabb-56c94624aef0","Game","Game","Cricket 24 for PS4","Cricket 24 for PS4","Cricket 24 for PS4","Cricket 24 for PS4","Cricket 24 for PS4","Cricket 24 for PS4","action_PlayStation;Sports","cricket-24-for-ps4","cricket-24-for-ps4","cricket-24-for-ps4","Cricket 24 for PS4","Cricket 24 for PS4","Cricket 24 — это кульминация десятилетия разработки видеоигр Cricket, в которой участвуют команды со всех уголков земного шара. Игроки смогут сразиться с ведущими странами крикета, включая Австралию и Англию в официальном Ashes, Вест-Индии, Новой Зеландии, Ирландии и других странах, а также впервые в истории профессиональные индийские команды T20, расположенные на более чем 50 детально проработанных официальных стадионах. . Cricket 24 — это наиболее полный на сегодняшний день симулятор крикета в видеоиграх.","Cricket 24 is the culmination of a decade of Cricket video game development and includes teams from every corner of the globe. Players will be able to take on major cricket nations including Australia and England in the official Ashes, West Indies, New Zealand, Ireland, and more, plus for the first time ever, professional Indian T20 teams, all set in over 50 detailed official stadiums. Cricket 24 is the most complete video game simulation of cricket seen to date.",,,"false","true","Cricket","Tax name US","Embedded","2023-09-02T08:12:50.275Z","2023-09-09T06:55:13.223Z",1,"Cricket_01","Cricket_01","https://57a0b57058060779f6a7-142db361bf53e070d1b6074a9d839b11.ssl.cf3.rackcdn.com/Cricket1-huc2UKna.jpg||1524x1892;https://57a0b57058060779f6a7-142db361bf53e070d1b6074a9d839b11.ssl.cf3.rackcdn.com/Cricket5-05jMOwTC.jpg||1000x563;https://57a0b57058060779f6a7-142db361bf53e070d1b6074a9d839b11.ssl.cf3.rackcdn.com/Cricket2-4C8CEa5W.jpg||1080x608;https://57a0b57058060779f6a7-142db361bf53e070d1b6074a9d839b11.ssl.cf3.rackcdn.com/Cricket3-DzPLW13Q.jpg||1000x563;https://57a0b57058060779f6a7-142db361bf53e070d1b6074a9d839b11.ssl.cf3.rackcdn.com/Cricket2-3EJlvC_T.png||1400x788","RU-RUB 210000;US-USD 2100","Big Ant Studios",2,"PlayStation","sports","2022-10-05",20,"",""
"cd34f038-01d8-4c96-ba6e-eb820b595f65","Game","Game","Star Wars Jedi: Survivor","Star Wars Jedi: Survivor","Star Wars Jedi: Survivor","The story of Cal Kestis continues in Star Wars Jedi: Survivor™, a third person galaxy-spanning action-adventure game from Respawn Entertainment, developed in collaboration with Lucasfilm Games. This narratively-driven, single player title picks up five years after the events of Star Wars Jedi: Fallen Order™ and follows Cal’s increasingly desperate fight as the galaxy descends further into darkness. Pushed to the edges of the galaxy by the Empire, Cal will find himself surrounded by threats new and familiar.","История Кэла Кестиса продолжается в Star Wars Jedi: Survivor™, приключенческой игре от третьего лица, охватывающей галактику, от Respawn Entertainment, разработанной в сотрудничестве с Lucasfilm Games. Действие этой однопользовательской игры, основанной на повествовании, разворачивается через пять лет после событий «Звездных войн: Джедаи: Павший Орден™» и следует за все более отчаянной борьбой Кэла по мере того, как галактика все дальше погружается во тьму. Выброшенный Империей на край галактики, Кэл окажется в окружении новых и знакомых угроз.","The story of Cal Kestis continues in Star Wars Jedi: Survivor™, a third person galaxy-spanning action-adventure game from Respawn Entertainment, developed in collaboration with Lucasfilm Games. This narratively-driven, single player title picks up five years after the events of Star Wars Jedi: Fallen Order™ and follows Cal’s increasingly desperate fight as the galaxy descends further into darkness. Pushed to the edges of the galaxy by the Empire, Cal will find himself surrounded by threats new and familiar.","Action;action_PlayStation","Star-Wars","Star-Wars","Star-Wars","Star Wars Jedi: Survivor","Star Wars Jedi: Survivor","Star Wars Jedi: Survivor","Star Wars Jedi: Survivor","Star Wars Jedi: Survivor","Star Wars Jedi: Survivor","false","true","Star-Wars","Tax name US","Embedded","2023-08-06T08:37:04.560Z","2023-09-09T06:55:23.312Z",1,"STWRS_01","STWRS_01","https://57a0b57058060779f6a7-142db361bf53e070d1b6074a9d839b11.ssl.cf3.rackcdn.com/jedi-833KEhFZ.jpg||316x385;https://57a0b57058060779f6a7-142db361bf53e070d1b6074a9d839b11.ssl.cf3.rackcdn.com/jedi2-S5iI-I5b.jpg||1280x720;https://57a0b57058060779f6a7-142db361bf53e070d1b6074a9d839b11.ssl.cf3.rackcdn.com/jedi1-puLT9aT5.jpg||640x480","RU-RUB 310000;US-USD 3100","Respawn Entertainment",1,"PlayStation;Xbox","action;adventure","2023-04-28",18,"",""
"49e9b96a-c240-469b-8f94-9cbf5e1603bd","Game","Game","The Witcher 3: Wild Hunt","The Witcher 3: Wild Hunt","The Witcher 3: Wild Hunt","You are Geralt of Rivia, mercenary monster slayer. Before you stands a war-torn, monster-infested continent you can explore at will. Your current contract? Tracking down Ciri — the Child of Prophecy, a living weapon that can alter the shape of the world.


The Complete Edition contains the base game, offering a huge, over 100-hour long, open-world adventure, as well as both of its massive story expansions: Hearts of Stone & Blood and Wine worth an extra 50 hours of gameplay!


It also comes with all additional content released for the game, alongside new features and items, including a built-in Photo Mode, swords, armor, and alternate outfits inspired by The Witcher Netflix series — and more!

 ","Вы Геральт из Ривии, наемный убийца монстров. Перед вами стоит раздираемый войной, кишащий монстрами континент, который вы можете исследовать по своему желанию. Ваш текущий контракт? Выслеживание Цири — Дитя Пророчества, живого оружия, способного изменить форму мира. Полное издание включает в себя базовую игру, предлагающую огромное, более чем 100-часовое приключение в открытом мире, а также оба его масштабных сюжетных расширения: Hearts of Stone & Blood и Wine, которые стоят дополнительных 50 часов игрового процесса! Он также поставляется со всем дополнительным контентом, выпущенным для игры, наряду с новыми функциями и предметами, включая встроенный фоторежим, мечи, доспехи и альтернативные наряды, вдохновленные сериалом «Ведьмак» от Netflix, и многое другое!","You are Geralt of Rivia, mercenary monster slayer. Before you stands a war-torn, monster-infested continent you can explore at will. Your current contract? Tracking down Ciri — the Child of Prophecy, a living weapon that can alter the shape of the world.


The Complete Edition contains the base game, offering a huge, over 100-hour long, open-world adventure, as well as both of its massive story expansions: Hearts of Stone & Blood and Wine worth an extra 50 hours of gameplay!


It also comes with all additional content released for the game, alongside new features and items, including a built-in Photo Mode, swords, armor, and alternate outfits inspired by The Witcher Netflix series — and more!

 ","after18;RPG","The-Witcher-3","The-Witcher-3","The-Witcher-3","The Witcher 3: Wild Hunt","The Witcher 3: Wild Hunt","The Witcher 3: Wild Hunt","The Witcher 3: Wild Hunt","The Witcher 3: Wild Hunt","The Witcher 3: Wild Hunt","false","true","The-Witcher-3","Tax name US","Embedded","2023-08-05T14:06:30.675Z","2023-09-09T06:56:40.172Z",1,"WITCH_01","WITCH_01","https://57a0b57058060779f6a7-142db361bf53e070d1b6074a9d839b11.ssl.cf3.rackcdn.com/witcher-Jw8-_dID.jpg||313x391;https://57a0b57058060779f6a7-142db361bf53e070d1b6074a9d839b11.ssl.cf3.rackcdn.com/witcher1-7kW2hTxE.jpg||720x405;https://57a0b57058060779f6a7-142db361bf53e070d1b6074a9d839b11.ssl.cf3.rackcdn.com/witcher4-TEf5Vfb-.jpg||1200x633","RU-RUB 214000;US-USD 2200","CD Projekt",1,"PlayStation","rpg;action","2017-12-14",14,"",""
"baa74071-65b5-44b8-b435-34ff76a62d6d","Game","Game","PAYDAY 3: Day One Edition for PS5","PAYDAY 3: Day One Edition for PS5","PAYDAY 3: Day One Edition for PS5","PAYDAY 3 is the much anticipated sequel to one of the most popular co-op shooters ever.
Since its release, PAYDAY-players have been reveling in the thrill of a perfectly planned and executed heist. That’s what makes PAYDAY a high-octane, co-op FPS experience without equal.
Step out of retirement back into the life of crime in the shoes of the Payday Gang, the envy of their peers and the nightmare of law-enforcement wherever they go. Several years after the crew’s reign of terror over Washington DC has ended, they assemble once again to deal with the threat that roused them out of early retirement.","PAYDAY 3 — долгожданное продолжение одного из самых популярных кооперативных шутеров. С момента ее выхода игроки PAYDAY наслаждаются азартом идеально спланированного и проведенного ограбления. Именно это делает PAYDAY непревзойденным кооперативным шутером от первого лица. Выйдите из отставки и вернитесь в преступную жизнь в шкуре банды Payday, вызывающей зависть своих сверстников и кошмар правоохранительных органов, куда бы они ни пошли. Спустя несколько лет после того, как террор команды над Вашингтоном закончился, они снова собираются, чтобы справиться с угрозой, которая вынудила их выйти из досрочного выхода на пенсию.","PAYDAY 3 is the much anticipated sequel to one of the most popular co-op shooters ever.
Since its release, PAYDAY-players have been reveling in the thrill of a perfectly planned and executed heist. That’s what makes PAYDAY a high-octane, co-op FPS experience without equal.
Step out of retirement back into the life of crime in the shoes of the Payday Gang, the envy of their peers and the nightmare of law-enforcement wherever they go. Several years after the crew’s reign of terror over Washington DC has ended, they assemble once again to deal with the threat that roused them out of early retirement.","Shooter","payday-3-day-one-edition-for-ps5","payday-3-day-one-edition-for-ps5","payday-3-day-one-edition-for-ps5","PAYDAY","PAYDAY","PAYDAY","PAYDAY",,,"false","true","payday","Tax name US","Embedded","2023-09-02T03:16:59.742Z","2023-09-09T06:53:18.711Z",1,"PAYDAY_01","PAYDAY_01","https://57a0b57058060779f6a7-142db361bf53e070d1b6074a9d839b11.ssl.cf3.rackcdn.com/payday1-55MIx-6K.jpg||1080x1080;https://57a0b57058060779f6a7-142db361bf53e070d1b6074a9d839b11.ssl.cf3.rackcdn.com/payday4jpg-3-aA1vdl.jpg||1000x563;https://57a0b57058060779f6a7-142db361bf53e070d1b6074a9d839b11.ssl.cf3.rackcdn.com/payday3-iviQFgt7.jpg||960x540;https://57a0b57058060779f6a7-142db361bf53e070d1b6074a9d839b11.ssl.cf3.rackcdn.com/payday5-BbLjqFJM.jpg||1920x1080;https://57a0b57058060779f6a7-142db361bf53e070d1b6074a9d839b11.ssl.cf3.rackcdn.com/payday2-wiwK7pCM.jpg||1280x720","RU-RUB 320000;US-USD 4300","Starbreeze",1,"PC","action","2023-09-21",19,"",""
"ef8dca3a-61b7-44c3-984d-eb4ce777bf87","Game","Game","MORTAL SHELL","MORTAL SHELL","MORTAL SHELL","Mortal Shell is a deep action-RPG that tests your sanity and resilience in a shattered world. Your adversaries spare no mercy, with survival demanding superior awareness, precision, and instincts. Possess lost warriors, track down hidden sanctums of the devout, and face formidable foes.","Mortal Shell — это беспощадный и проработанный ролевой боевик, испытывающий ваши рассудок и стойкость в разрушенном мире. Пока остатки человечества увядают и гниют, фанатичные враги терзают руины. Они безжалостны, поэтому выживание требует высочайших настороженности, точности и инстинктов. Находите скрытые святилища фанатичных последователей и познайте своё истинное предназначение.","Mortal Shell is a deep action-RPG that tests your sanity and resilience in a shattered world. Your adversaries spare no mercy, with survival demanding superior awareness, precision, and instincts. Possess lost warriors, track down hidden sanctums of the devout, and face formidable foes.","Action;action_PC","mortal-shell","mortal-shell","mortal-shell","MORTAL SHELL","MORTAL SHELL","MORTAL SHELL Video game Action","MORTAL SHELL Video game Action","MORTAL SHELL","MORTAL SHELL","false","true","mortal-shell","Tax name US","Embedded","2023-08-05T04:51:38.252Z","2023-09-09T06:54:51.672Z",1,"MRSH_01","MRSH_01","https://57a0b57058060779f6a7-142db361bf53e070d1b6074a9d839b11.ssl.cf3.rackcdn.com/mortal_shell_1-NYaj9aTX.jpg|mortal shell|374x475;https://57a0b57058060779f6a7-142db361bf53e070d1b6074a9d839b11.ssl.cf3.rackcdn.com/MORTAL_SHELL3-AenPLbED.jpg||720x405;https://57a0b57058060779f6a7-142db361bf53e070d1b6074a9d839b11.ssl.cf3.rackcdn.com/MORTAL_SHELL4-loYQLuPN.jpg||1280x720;https://57a0b57058060779f6a7-142db361bf53e070d1b6074a9d839b11.ssl.cf3.rackcdn.com/MORTAL_SHELL2-aVfyH4Ps.jpg||750x422;https://57a0b57058060779f6a7-142db361bf53e070d1b6074a9d839b11.ssl.cf3.rackcdn.com/MORTAL_SHELL5-B9E2uNDE.jpg||1280x720;https://57a0b57058060779f6a7-142db361bf53e070d1b6074a9d839b11.ssl.cf3.rackcdn.com/MORTAL_SHELL1-y2T-fqAL.jpg||1200x628","RU-RUB 23500|18800;US-USD 245|196","Cold Symmetry",2,"PC","action","2017-09-15",8,"ОС
Windows 7 SP1
Процессор
Intel Core i5-4590 or AMD FX 8350
Оперативная память
8 GB ОЗУ
Видеокарта
NVIDIA GTX 970 or AMD Radeon R9 290
Жесткий диск
12 GB",""
,,,,,,,,,,,,,,,,,,,,,,,,,,2,"MRSH_02","MRSH_02","","","Cold Symmetry",2,"PC","action","2017-09-15",8,"ОС
Windows 7 SP1
Процессор
Intel Core i5-4590 or AMD FX 8350
Оперативная память
8 GB ОЗУ
Видеокарта
NVIDIA GTX 970 or AMD Radeon R9 290
Жесткий диск
12 GB",
"3672b3f2-a60d-40cb-b00d-dc407b6e51be","Game","Game","Ride 5 for PS5","Ride 5 for PS5","Ride 5 for PS5","Rev up your engine and get ready to hit the track with RIDE 5. An adrenaline-filled gaming experience that is so authentic it will make you feel like you're truly racing at break-neck speed.

Find your favourite bikes and check out new ones in the ultimate motorcycle game! Race on over 35 tracks and collect more than 200 bikes from world-renowned manufacturers, each element is designed to feel like you're riding a real bike.","Дайте газу свой двигатель и приготовьтесь отправиться на трассу с RIDE 5. Наполненный адреналином игровой процесс настолько аутентичен, что вы почувствуете, будто вы действительно мчитесь на головокружительной скорости. Найдите свои любимые мотоциклы и опробуйте новые в лучшей игре о мотоциклах! Гоняйте по более чем 35 трассам и соберите более 200 велосипедов от всемирно известных производителей. Каждый элемент создан так, чтобы вы почувствовали, будто вы едете на настоящем велосипеде.","Rev up your engine and get ready to hit the track with RIDE 5. An adrenaline-filled gaming experience that is so authentic it will make you feel like you're truly racing at break-neck speed.

Find your favourite bikes and check out new ones in the ultimate motorcycle game! Race on over 35 tracks and collect more than 200 bikes from world-renowned manufacturers, each element is designed to feel like you're riding a real bike.","Sports;action_PC","","ride-5-for-ps5","ride-5-for-ps5","Ride 5 for PS5","","Ride 5 for PS5","",,,"false","true","ride",,"Embedded","2023-09-01T02:50:52.372Z","2023-09-02T11:11:53.055Z",1,"ride","ride_01","https://57a0b57058060779f6a7-142db361bf53e070d1b6074a9d839b11.ssl.cf3.rackcdn.com/ride1-4q8zwaif.jpg||800x1000;https://57a0b57058060779f6a7-142db361bf53e070d1b6074a9d839b11.ssl.cf3.rackcdn.com/ride2-pSNAZqNz.jpg||1920x1080;https://57a0b57058060779f6a7-142db361bf53e070d1b6074a9d839b11.ssl.cf3.rackcdn.com/ride3-uwGRyBk8.jpg||1920x1080;https://57a0b57058060779f6a7-142db361bf53e070d1b6074a9d839b11.ssl.cf3.rackcdn.com/ride4-HkPUYXcB.jpg||2560x1440;https://57a0b57058060779f6a7-142db361bf53e070d1b6074a9d839b11.ssl.cf3.rackcdn.com/ride5-T_fMxlrk.jpeg||1920x1080","RU-RUB 150000|120000;US-USD 1500|1200","Milestone s.r.l",2,"PC","racing","2022-11-10",17,"",""
"9e72b6a5-73df-45d8-b16a-70764c40ee38","Game","Game","Prince of Persia: The Lost Crown","Prince of Persia: The Lost Crown","Prince of Persia: The Lost Crown","Dash into a stylish and thrilling action-adventure platformer set in a mythological Persian world where the boundaries of time and space are yours to manipulate. Play as Sargon and evolve from sword-wielding prodigy to extraordinary legend as you master acrobatic combat and unlock new Time Powers and unique super abilities","Окунитесь в стильный и захватывающий приключенческий платформер, действие которого происходит в мифологическом персидском мире, где вы можете манипулировать границами времени и пространства. Играйте за Саргона и развивайтесь от вундеркинда, владеющего мечом, до необыкновенной легенды, осваивая акробатические бои и открывая новые силы времени и уникальные суперспособности.","Dash into a stylish and thrilling action-adventure platformer set in a mythological Persian world where the boundaries of time and space are yours to manipulate. Play as Sargon and evolve from sword-wielding prodigy to extraordinary legend as you master acrobatic combat and unlock new Time Powers and unique super abilities","Adventure;before18","prince-of-persia-the-lost-crown","prince-of-persia-the-lost-crown","prince-of-persia-the-lost-crown","prince-of-persia-the-lost-crown","prince-of-persia-the-lost-crown","prince-of-persia-the-lost-crown","prince-of-persia-the-lost-crown",,,"false","true","prince","Tax name US","Embedded","2023-09-01T03:35:29.740Z","2023-09-09T06:53:42.143Z",1,"prince_01","prince_01","https://57a0b57058060779f6a7-142db361bf53e070d1b6074a9d839b11.ssl.cf3.rackcdn.com/princeofpercia0-1BISN2l_.jpg||1520x1902;https://57a0b57058060779f6a7-142db361bf53e070d1b6074a9d839b11.ssl.cf3.rackcdn.com/princeofpersia1-7gagt57A.jpg||1400x787;https://57a0b57058060779f6a7-142db361bf53e070d1b6074a9d839b11.ssl.cf3.rackcdn.com/princeofpersia2-8Hs83Eep.jpg||696x442;https://57a0b57058060779f6a7-142db361bf53e070d1b6074a9d839b11.ssl.cf3.rackcdn.com/princeofpersia4-4hRssEu9.jpg||800x446;https://57a0b57058060779f6a7-142db361bf53e070d1b6074a9d839b11.ssl.cf3.rackcdn.com/princeofpersia6-UUF04nWh.jpg||1460x821;https://57a0b57058060779f6a7-142db361bf53e070d1b6074a9d839b11.ssl.cf3.rackcdn.com/princeofpersia5-UZBeWdzR.jpg||1800x900;https://57a0b57058060779f6a7-142db361bf53e070d1b6074a9d839b11.ssl.cf3.rackcdn.com/princeofpersia3-HiHc2NyA.jpg||1400x788","RU-RUB 240000;US-USD 2400","Ubisoft",1,"PC","adventure","2023-01-18",18,"",""
"35192ce5-7799-4ae9-8921-0fc44dcc2542","Game","Game","FIFA 23","FIFA 23","FIFA 23","EA SPORTS™ FIFA 23 brings The World's Game to the pitch, with HyperMotion2 Technology that delivers even more gameplay realism, both the men's and women's FIFA World Cup™ coming to the game as post-launch updates, the addition of women's club teams, cross-play features**, and more.","EA SPORTS™ FIFA 23 переносит мировую игру на поле с технологией HyperMotion2, которая обеспечивает еще большую реалистичность игрового процесса, как мужские, так и женские чемпионаты мира по футболу FIFA™, которые появятся в игре в виде обновлений после запуска, добавление женских клубных команд, кросс -функции воспроизведения** и многое другое.","EA SPORTS™ FIFA 23 brings The World's Game to the pitch, with HyperMotion2 Technology that delivers even more gameplay realism, both the men's and women's FIFA World Cup™ coming to the game as post-launch updates, the addition of women's club teams, cross-play features**, and more.","Sports;before18","fifa-23","fifa-23","fifa-23","FIFA 23","FIFA 23","FIFA 23","FIFA 23","FIFA 23","FIFA 23","false","true","fifa-23","Tax name US","Embedded","2023-08-05T13:54:24.167Z","2023-09-09T06:53:51.939Z",1,"FIFA_01","FIFA_01","https://57a0b57058060779f6a7-142db361bf53e070d1b6074a9d839b11.ssl.cf3.rackcdn.com/fifa-yJmR42Ye.jpg||308x342;https://57a0b57058060779f6a7-142db361bf53e070d1b6074a9d839b11.ssl.cf3.rackcdn.com/FIFA2-4MYnvSYv.jpg||1200x675","RU-RUB 540000~2023-09-29T23:00:00.000Z;US-USD 3400","EA",1,"PlayStation","sports","2022-09-22",5,"","https://youtu.be/o3V-GvvzjE4"
"050ab7e2-f89c-40fb-b2b1-3865420d2eff","Game","Game","Final Fantasy XVI","Final Fantasy XVI","Final Fantasy XVI","An epic dark fantasy world where the fate of the land is decided by the mighty Eikons and the Dominants who wield them. This is the tale of Clive Rosfield, a warrior granted the title “First Shield of Rosaria” and sworn to protect his younger brother Joshua, the dominant of the Phoenix. Before long, Clive will be caught up in a great tragedy and swear revenge on the Dark Eikon Ifrit, a mysterious entity that brings calamity in its wake.","Эпический темный фэнтезийный мир, где судьба земли решается могучими Эйконами и Доминантами, которые ими владеют. Это история Клайва Росфилда, воина, получившего титул «Первый щит Розарии» и поклявшегося защищать своего младшего брата Джошуа, доминанту Феникса. Вскоре Клайв окажется втянутым в великую трагедию и поклянется отомстить Темному Эйкону Ифриту, таинственной сущности, которая несет за собой бедствие.","An epic dark fantasy world where the fate of the land is decided by the mighty Eikons and the Dominants who wield them. This is the tale of Clive Rosfield, a warrior granted the title “First Shield of Rosaria” and sworn to protect his younger brother Joshua, the dominant of the Phoenix. Before long, Clive will be caught up in a great tragedy and swear revenge on the Dark Eikon Ifrit, a mysterious entity that brings calamity in its wake.","Adventure;before18","Final-Fantasy","Final-Fantasy","Final-Fantasy","Final Fantasy XVI","Final Fantasy XVI","Final Fantasy XVI","Final Fantasy XVI","Final Fantasy XVI","Final Fantasy XVI","false","true","Final-Fantasy","Tax name US","Embedded","2023-08-06T08:37:04.566Z","2023-09-09T06:56:30.956Z",1,"FFAN_01","FFAN_01","https://57a0b57058060779f6a7-142db361bf53e070d1b6074a9d839b11.ssl.cf3.rackcdn.com/final_fantasy-pqLvPzjr.jpg||302x343;https://57a0b57058060779f6a7-142db361bf53e070d1b6074a9d839b11.ssl.cf3.rackcdn.com/fantasy1-NN9BY8VU.jpg||1200x675;https://57a0b57058060779f6a7-142db361bf53e070d1b6074a9d839b11.ssl.cf3.rackcdn.com/fantasy4-k2MFWKaA.jpeg||1600x900;https://57a0b57058060779f6a7-142db361bf53e070d1b6074a9d839b11.ssl.cf3.rackcdn.com/fantasy6-IJJBKkRk.jpg||1460x821;https://57a0b57058060779f6a7-142db361bf53e070d1b6074a9d839b11.ssl.cf3.rackcdn.com/fantasy2-E7wOBMuf.jpg||1200x1800;https://57a0b57058060779f6a7-142db361bf53e070d1b6074a9d839b11.ssl.cf3.rackcdn.com/fantasy5-VdxyOkii.jpg||3372x1897;https://57a0b57058060779f6a7-142db361bf53e070d1b6074a9d839b11.ssl.cf3.rackcdn.com/fantasy3-WiVlx_27.jpg||3840x2160","RU-RUB 280000;US-USD 3400","Square-Enix",1,"PlayStation","fantasy","2023-06-22",15,"",""
